name,num_classes,classes_used,ratio,learning_rate,mean_0,variance_0,mean_10,variance_10,mean_20,variance_20,mean_30,variance_30,mean_40,variance_40,mean_50,variance_50
focal_loss,2,"(0, 1)","(100, 1)",1e-05,0.5483786499999999,0.009423741928102494,0.7279543500000001,0.0023773560471525,0.71293315,0.004602741718052499,0.72116145,0.0008906712957725002,0.73504025,0.0004057463165125015,0.68853015,0.0034323869082525
focal_loss,2,"(0, 1)","(100, 1)",1e-06,0.53490505,0.008606034898972499,0.7793859500000001,0.007755622260822501,0.8312758499999999,9.733825040249974e-05,0.8194376,0.0005519531466900004,0.8100846,0.002173611723540002,0.82764135,3.938270515249977e-05
focal_loss,2,"(0, 1)","(100, 1)",5e-07,0.5275359,0.008331209211690001,0.77338115,0.0005819579891524997,0.7834291,0.0045233986992900006,0.8000102,0.00010248533475999962,0.8079996500000002,0.00014468089020249988,0.7922547000000001,0.001369372194760001
focal_loss,2,"(0, 1)","(100, 1)",1e-07,0.5117162999999999,0.005766031790659998,0.67593715,0.0008466144555024995,0.7182043499999999,0.0006303394846024998,0.7401098499999998,0.00026457231515249994,0.7434019999999999,0.0005147849464499999,0.7503930999999999,0.0003162151600900001
focal_loss,2,"(0, 1)","(100, 1)",1e-08,0.5146188,0.0038685543630100046,0.5368781499999999,0.010216743952902502,0.5595909000000001,0.008567662938490005,0.58142645,0.007214880078322494,0.5990885499999999,0.005990278582422499,0.6119921,0.005251738976440002
